HIP,RA_deg,Dec_deg,Vmag,CommonName
32349,101.287155,-16.716116,-1.46,Sirius
30438,95.987875,-52.695661,-0.74,Canopus
24436,78.634467,-8.201640,0.18,Rigel
27989,88.792939,7.407064,0.45,Betelgeuse
37279,114.825493,5.225000,0.40,Procyon
24608,79.172327,45.997991,0.08,Capella
69673,213.915300,19.182410,-0.05,Arcturus
91262,279.234734,38.783688,0.03,Vega
97649,297.695827,8.868322,0.77,Altair
11767,37.954560,89.264108,1.98,Polaris
102098,310.357980,45.280338,1.25,Deneb
